[{
  "_id": {
    "$oid": "65f3f9c34e43cec2b7b7744d"
  },
  "original_postid": "1710486947265Phil8080",
  "commentid": "1710488003608MCruz03",
  "username": "MCruz03",
  "name": "Maria Cruz",
  "date": "March 15, 2024",
  "text": "um,,u ok?"
},
{
  "_id": {
    "$oid": "65f3f9ed4e43cec2b7b7744e"
  },
  "original_postid": "1710486397620andre0417",
  "commentid": "1710488045663MCruz03",
  "username": "MCruz03",
  "name": "Maria Cruz",
  "date": "March 15, 2024",
  "text": "to marry gojo- uh um ummm to learn to draw ig"
},
{
  "_id": {
    "$oid": "65f3fa094e43cec2b7b7744f"
  },
  "original_postid": "1710484380099mGarcia619",
  "commentid": "1710488073929MCruz03",
  "username": "MCruz03",
  "name": "Maria Cruz",
  "date": "March 15, 2024",
  "text": "congrats!!"
},
{
  "_id": {
    "$oid": "65f3fa574e43cec2b7b77450"
  },
  "original_postid": "1710486899323Phil8080",
  "commentid": "1710488151927mGarcia619",
  "username": "mGarcia619",
  "name": "Miguel Garcia",
  "date": "March 15, 2024",
  "text": "Stop shilling bro"
},
{
  "_id": {
    "$oid": "65f3faa34e43cec2b7b77451"
  },
  "original_postid": "1710486397620andre0417",
  "commentid": "1710488227967mGarcia619",
  "username": "mGarcia619",
  "name": "Miguel Garcia",
  "date": "March 15, 2024",
  "text": "To make my family proud!"
},
{
  "_id": {
    "$oid": "65f3fac14e43cec2b7b77452"
  },
  "original_postid": "1710486947265Phil8080",
  "commentid": "1710488257882mGarcia619",
  "username": "mGarcia619",
  "name": "Miguel Garcia",
  "date": "March 15, 2024",
  "text": "Uh..."
},
{
  "_id": {
    "$oid": "65f3fae74e43cec2b7b77453"
  },
  "original_postid": "1710483796880MCruz03",
  "commentid": "1710488295134mGarcia619",
  "username": "mGarcia619",
  "name": "Miguel Garcia",
  "date": "March 15, 2024",
  "text": "I'm okay. So much work lol"
},
{
  "_id": {
    "$oid": "65f3faf44e43cec2b7b77454"
  },
  "original_postid": "1710486308911andre0417",
  "commentid": "1710488308528mGarcia619",
  "username": "mGarcia619",
  "name": "Miguel Garcia",
  "date": "March 15, 2024",
  "text": "Congrats!"
},
{
  "_id": {
    "$oid": "65f3fb664e43cec2b7b77455"
  },
  "original_postid": "1710484683191Zofia213",
  "commentid": "1710488422919mGarcia619",
  "username": "mGarcia619",
  "name": "Miguel Garcia",
  "date": "March 15, 2024",
  "text": "The 7 Habits of Highly Effective People. Not as deep lol but still pretty useful"
},
{
  "_id": {
    "$oid": "65f3fb9a4e43cec2b7b77456"
  },
  "original_postid": "1710487750741Phil8080",
  "commentid": "1710488474548mGarcia619",
  "username": "mGarcia619",
  "name": "Miguel Garcia",
  "date": "March 15, 2024",
  "text": "mods?"
},
{
  "_id": {
    "$oid": "65f3fd1d32d7ab427ab8f977"
  },
  "original_postid": "1710486397620andre0417",
  "commentid": "1710488861420Zofia213",
  "username": "Zofia213",
  "name": "Sofia Reyes",
  "date": "March 15, 2024",
  "text": "To read 100 books a year. Only 50 more to go!"
},
{
  "_id": {
    "$oid": "65f3fd9932d7ab427ab8f978"
  },
  "original_postid": "1710486440694andre0417",
  "commentid": "1710488985743Zofia213",
  "username": "Zofia213",
  "name": "Sofia Reyes",
  "date": "March 15, 2024",
  "text": "I'm not really into sports, but those pieces look good. Did you design them yourself?"
},
{
  "_id": {
    "$oid": "65f3fde532d7ab427ab8f979"
  },
  "original_postid": "1710483206349MCruz03",
  "commentid": "1710489061881Zofia213",
  "username": "Zofia213",
  "name": "Sofia Reyes",
  "date": "March 15, 2024",
  "text": "I also love musical theater! We should meet up someday and belt out Disney tunes together <3"
},
{
  "_id": {
    "$oid": "65f3fdff32d7ab427ab8f97a"
  },
  "original_postid": "1710487750741Phil8080",
  "commentid": "1710489087942Zofia213",
  "username": "Zofia213",
  "name": "Sofia Reyes",
  "date": "March 15, 2024",
  "text": "Is this guy okay? Mods, can you check on him?"
},
{
  "_id": {
    "$oid": "65f3fe1232d7ab427ab8f97b"
  },
  "original_postid": "1710486308911andre0417",
  "commentid": "1710489106143Zofia213",
  "username": "Zofia213",
  "name": "Sofia Reyes",
  "date": "March 15, 2024",
  "text": "Congratulations!"
},
{
  "_id": {
    "$oid": "65f3fe4e32d7ab427ab8f97c"
  },
  "original_postid": "1710484380099mGarcia619",
  "commentid": "1710489166081Zofia213",
  "username": "Zofia213",
  "name": "Sofia Reyes",
  "date": "March 15, 2024",
  "text": "Congratulations, Miguel! You're going to do great things, I'm sure of it :)"
},
{
  "_id": {
    "$oid": "65f3ff2a32d7ab427ab8f97d"
  },
  "original_postid": "1710486440694andre0417",
  "commentid": "1710489386039andre0417",
  "username": "andre0417",
  "name": "Andres Tantoco",
  "date": "March 15, 2024",
  "text": "IM GONNA B REAL WITH U..........I THINK NAKED EXERCISE IS IMPORTANT 4 HEALTHY BODY AND SOUL. U GOTTA KNOW HOW THE MUSCLES MOVE UNDER THE SKIN. ME AND THA BROS DONT WEAR CLOTHES ANYMORE AT THE GYM. NO PROBLEMS JUST COMPLIMENTS FROM THE REAL ONES"
},
{
  "_id": {
    "$oid": "65f3ffc232d7ab427ab8f97e"
  },
  "original_postid": "1710484380099mGarcia619",
  "commentid": "1710489538129andre0417",
  "username": "andre0417",
  "name": "Andres Tantoco",
  "date": "March 15, 2024",
  "text": "WEAR THAT CROWN KING"
},
{
  "_id": {
    "$oid": "65f3ffe532d7ab427ab8f97f"
  },
  "original_postid": "1710486947265Phil8080",
  "commentid": "1710489573854andre0417",
  "username": "andre0417",
  "name": "Andres Tantoco",
  "date": "March 15, 2024",
  "text": "IF YO THOUGHTS HURT JUST REMOVE YOUR BRAIN..."
},
{
  "_id": {
    "$oid": "65f4002832d7ab427ab8f980"
  },
  "original_postid": "1710484683191Zofia213",
  "commentid": "1710489640275andre0417",
  "username": "andre0417",
  "name": "Andres Tantoco",
  "date": "March 15, 2024",
  "text": "RUN ROUND BEAR. GOIN BACK 2 BASICS....MIND IS JUST AS IMPORTANT AS BODY"
},
{
  "_id": {
    "$oid": "65f4005c32d7ab427ab8f981"
  },
  "original_postid": "1710484683191Zofia213",
  "commentid": "1710489692900MCruz03",
  "username": "MCruz03",
  "name": "Maria Cruz",
  "date": "March 15, 2024",
  "text": "lots of fanficsssss"
},
{
  "_id": {
    "$oid": "65f4007e32d7ab427ab8f982"
  },
  "original_postid": "1710483206349MCruz03",
  "commentid": "1710489726936MCruz03",
  "username": "MCruz03",
  "name": "Maria Cruz",
  "date": "March 15, 2024",
  "text": "OMG YESSS"
},
{
  "_id": {
    "$oid": "65f400ebfad2ae7d68677d57"
  },
  "original_postid": "1710484683191Zofia213",
  "commentid": "1710489835462Phil8080",
  "username": "Phil8080",
  "name": "Phil Magno",
  "date": "March 15, 2024",
  "text": "Tired of reading the old way? Amazon Kindle(TM) is here to help. Try it out!"
},
{
  "_id": {
    "$oid": "65f40103fad2ae7d68677d58"
  },
  "original_postid": "1710487750741Phil8080",
  "commentid": "1710489859595Phil8080",
  "username": "Phil8080",
  "name": "Phil Magno",
  "date": "March 15, 2024",
  "text": "it3.,hruts,,h"
},
{
  "_id": {
    "$oid": "65f401acfad2ae7d68677d59"
  },
  "original_postid": "1710484457458mGarcia619",
  "commentid": "1710490028921Phil8080",
  "username": "Phil8080",
  "name": "Phil Magno",
  "date": "March 15, 2024",
  "text": "Lockheed Martin is a bold, dynamic, and fast-growing company. You can check out their site here: https://www.lockheedmartin.com/"
},
{
  "_id": {
    "$oid": "65f401c3fad2ae7d68677d5a"
  },
  "original_postid": "1710483796880MCruz03",
  "commentid": "1710490051347Phil8080",
  "username": "Phil8080",
  "name": "Phil Magno",
  "date": "March 15, 2024",
  "text": "In Pain!"
},
{
  "_id": {
    "$oid": "660133e77fe585779fc851bc"
  },
  "original_postid": "1711354731005Phil8080",
  "commentid": "1711354855219Phil8080",
  "username": "Phil8080",
  "name": "Phil Magno",
  "date": "March 25, 2024",
  "text": "test comment",
  "__v": 0
},
{
  "_id": {
    "$oid": "6603e5665bcf5310b254b16d"
  },
  "original_postid": "1711530281477MCruz03",
  "commentid": "1711531366634MCruz03",
  "username": "MCruz03",
  "name": "Maria Cruz",
  "date": "March 27, 2024",
  "text": "comment",
  "__v": 0
},
{
  "_id": {
    "$oid": "66040ed8b8aa7a418bfcfff7"
  },
  "original_postid": "1711541914067baen",
  "commentid": "1711541976838baen",
  "username": "baen",
  "name": "Baen Baen",
  "date": "March 27, 2024",
  "text": "baenabe",
  "__v": 0
}]