[{
  "_id": {
    "$oid": "6603cd268d48ca493fb265f6"
  },
  "email": "miguel_garcia@dlsu.edu.ph",
  "password": "$2a$15$pyifLj0E7balWLEGpY3uUOr0IQbHRXCTGYWpp164QXpKGiaz3Dy3K",
  "username": "mGarcia619",
  "__v": 0
},
{
  "_id": {
    "$oid": "6603cd268d48ca493fb265f8"
  },
  "email": "maria.cruz@gmail.com",
  "password": "$2a$15$VAlnRyILuKLbHqdpYRDTkew9FMwTfacuFCqPAs3LNpyHGiX6bh5xS",
  "username": "MCruz03",
  "__v": 0
},
{
  "_id": {
    "$oid": "6603cd268d48ca493fb265fa"
  },
  "email": "sofreyes@gmail.com",
  "password": "$2a$15$zE/NXqplyRa.VX4LadZdPeMXQXjTNp9bAfkYtobMSXvew75I0wWwu",
  "username": "Zofia213",
  "__v": 0
},
{
  "_id": {
    "$oid": "6603cd268d48ca493fb265fc"
  },
  "email": "kingofdaworld@yahoo.com",
  "password": "$2a$15$/7dOw3DchpEV7RVev9n4jeovGnlRlkKX/DvWkkk1.ljLrAdj5txoa",
  "username": "andre0417",
  "__v": 0
},
{
  "_id": {
    "$oid": "6603cd268d48ca493fb265fe"
  },
  "email": "magno_phil@gmail.com",
  "password": "$2a$15$F95TbEo9SltRj2EeGcy1sOideOr9CsODtrJj6WHhn9fg6sXb2wdLO",
  "username": "Phil8080",
  "__v": 0
},
{
  "_id": {
    "$oid": "66040e27b8aa7a418bfcffd6"
  },
  "email": "baen@baen.gov",
  "password": "$2a$15$vu9zN6LEDKh.eTjoV6GDBOtnUQYajaAMBMpw2Or5PfWSzEPuEGwby",
  "username": "baen",
  "__v": 0
}]