[{
  "_id": {
    "$oid": "65f1af36e118fe3a65597313"
  },
  "username": "newtest",
  "email": "test@email.com",
  "password": "password",
  "handle": "123handle"
},
{
  "_id": {
    "$oid": "65f415c86ce830e59ffdd206"
  },
  "username": "Maria Cruz",
  "email": "cruzmaria03@yahoo.com",
  "password": "password123",
  "handle": "MCruz03"
},
{
  "_id": {
    "$oid": "65f416326ce830e59ffdd207"
  },
  "username": "Miguel Garcia",
  "email": "miguelgarcia619@gmail.com",
  "password": "password456",
  "handle": "mGarcia619"
},
{
  "_id": {
    "$oid": "65f4167a6ce830e59ffdd208"
  },
  "username": "Sofia Reyes",
  "email": "sofia_reyes@yahoo.com",
  "password": "123password",
  "handle": "Zofia213"
},
{
  "_id": {
    "$oid": "65f416a96ce830e59ffdd209"
  },
  "username": "Andres Tantoco",
  "email": "tantocoandre04@gmail.com",
  "password": "456password",
  "handle": "andre0417"
},
{
  "_id": {
    "$oid": "65f416e56ce830e59ffdd20a"
  },
  "username": "Phil Magno",
  "email": "phil_mag@dlsu.edu.ph",
  "password": "finalpassword",
  "handle": "Phil8080"
}]